kuenstler,instagram_handle
2 Engel & Charlie,@2engelundcharlie
47_KÖ11SCH,@47_koe11sch
Achim Petry,@achimpetry
Aileen Sager,@aileen_sgr
AK Ausserkontrolle,@akausserkontrolle
Aleks Schmidt,@aleksschmidtlive
Alex Engel,@alexengelmusic
Ali Bumaye,@alibumaye
Aline Jost,@aline_jost_diraimondo
Almklausi,@almklausi
Andi Latte,@andi_latte_musik
Andi Schiebt Anders,@andischiebtanders
Andreas Maintz,@andreasmaintz
Anna-Maria Zimmermann,@amz_welt
Annabel Anderson,@annabelandersonmusic
Annemarie Eilfeld,@annemarie_eilfeld
Anny,@annyoffiziell
Asphalt Anton,@asphaltanton_official
Axel aus der Hohl,@axelausderhohl
BÄÄM,@baeaemband
Balkonultra,@balkonultra
Banjee,@dj_banjee
Basic Gina,@basic_gina
Beng K.O.X.,@beng_k.o.x_offiziell
Bierkapitän,@bierkapitaen
Breitner,@breitner_official
Calvin Kleinen,@alvinkleinen
Capital Bra,@capital_bra
Caro Winter,@carowinter.music
Carolina,@carolinapeukmann
Chanelle,@chanelleofficial_
Christian Franke,@christian_franke_offiziell_
Claudia Jung,@jung.claudia
Cosimo,@cosimoofficial
DeeJay Biene,@deejay_biene_offiziell
Der Zipfelbube,@der.zipfelbube
Desiree Hansen,@desireehansen
Die Atzen,@dieatzen
Die Draufgänger,@die_draufgaenger
Die Goldjungs,@goldjungsmusik
Die jungen Zillertaler,@_die_jungen_zillertaler___
Die Tünnesse,@die.tuennesse
DJ Aaron,@dj_aaron_mallorca
DJ Düse,@dj_duese
DJ Ötzi Double Maik Leutner,@maikleutner
DJ Robin,@djrobin1996
Don Francis,@don_francis_original
Dopebwoy,@dopebwoy
Dorfrocker,@dorfrocker_official
Dragan,@dragan_autohaendler_von_rtl
Emanuel Bento,@emanuelbento_offiziell
Fabbel,@fabbel_offiziell
Fabi Fiesta,@dj_fabifiesta
Fabian Farell,@fabianfarell
Felix Harrer,@felix.harrer.official
Finch,@finch
Fire Squad,@firesquad_original
Flobo,@flobo_official
Framax,@framax.music
Fräulein Süss,@frauleinsuess
Frenzy,@frenzy_offiziell
Girlsclub,@girlsclub_officialpage
Haftbefehl,@haftbefehl
Halodriz,@halodriz
Hannes,@hannes.kann.es.official
HBz,@hbzmusic
Heino,@heino.offiziell
Housekasper,@housekasper
Idaly,@idaly
Ikke Hüftgold,@ikkehueftgold
Ina Colada,@ina_colada_offiziell
Ingo ohne Flamingo,@ingo_ohne_flamingo_official
Inseljung,@inseljung_offiziell
Isa Bella,@isa_bella__official
Isi Glück,@isi_glueck
Jack Gelee,@jack_gelee
Jason Derulo,@jasonderulo
Jebroer,@jebroer
Jessi.Kay,@jessi_.kay
Josylvio,@josylvio
Julian Benz,@julianbenz_offiziell
Julian Sommer,@juliansommer
Juliano,@julianofernandezz
Jürgen Milski,@juergen.milski
Jürgen Peter,@juergenpetermaryjane
Justin Flieger,@justin_flieger
Kati Zucker,@katizucker
Kay Bang,@kay_bang_offiziell
Kikii,@kikiiiree
Killermichel,@killermichel
Kings of Günter,@kingsofguenter
Knossi,@knossi
KomaOma,@koma.oma_offiziell
Kreisligalegende,@kreisligalegende_offiziell
Kriss,@krissmusics
Küchenmeister,@m.kuechenmeister
Lala Lacht,@lala_lacht
Le Shuuk,@leshuuk
Leon Machere,@leonmachere
Leza,@lezasmusic